Year,Temp,Hour,Day
2008,T28,98.5,4.465277778
2009,T28,5.5,0.229166667
2010,T28,296,14.10416667
2011,T28,44.5,1.993055556
2012,T28,152.3333333,6.611111111
2013,T28,25.33333333,1.055555556
2014,T28,0,0
2015,T28,69,4.069444444
2016,T28,,
2017,T28,29,1.208333333
2018,T28,110.1666667,4.590277778
2019,T28,108.3333333,4.673611111
2020,T28,176.6666667,9.138888889
